ABJC.ci.csv,BICB.bj.csv,BICC.ci.csv,BNBC.ci.csv,BOABF.bf.csv,BOAC.ci.csv,BOAM.ml.csv,BOAN.ne.csv,BOAS.sn.csv,CABC.ci.csv,CBIBF.bf.csv,CFAC.ci.csv,CIEC.ci.csv,ECOC.ci.csv,ETIT.tg.csv,NEIC.ci.csv,NSBC.ci.csv,NTLC.ci.csv,ONTBF.bf.csv,PALC.ci.csv,PRSC.ci.csv,SAFC.ci.csv,SCRC.ci.csv,SDCC.ci.csv,SGBC.ci.csv,SHEC.ci.csv,SICC.ci.csv,SIVC.ci.csv,SLBC.ci.csv,SOGC.ci.csv,STAC.ci.csv,STBC.ci.csv,UNLC.ci.csv,UNXC.ci.csv,date
1780,5495.0,15900.0,1000.0,4200,6010,2350,2770,3935,1340,10500,615,2580,9860,15,730.0,8300,9950,2750,6350,2000.0,800.0,995,6600,21895,950,3645.0,1000,14500,5390,585.0,9995.0,10275.0,400,01/02/2010
1750,5295.0,15400.0,1020.0,3250,6100,2500,2590,4150,1380,9500,600,2390,9800,16,595.0,7950,9990,2490,6300,1935.0,660.0,960,6400,21900,930,3290.0,1000,13800,5945,695.0,9695.0,18180.0,420,01/03/2010
2020,5600.0,10000.0,945.0,3400,3720,"1066,6666666666667","3309,375","2593,3333333333335",1075,10600,685,1995,6990,17,795.0,6295,7500,2785,6215,2150.0,980.0,475,5330,19105,860,3310.0,999,16820,3600,560.0,7195.0,6500.0,420,01/04/2010
1700,5350.0,16580.0,1150.0,3500,6100,3000,2455,4280,1185,10245,660,2525,11840,18,595.0,10200,11150,2635,8150,2500.0,690.0,950,6100,25000,1075,2825.0,500,11795,8150,770.0,17905.0,11000.0,580,01/04/2025
2230,5285.0,9740.0,1080.0,3275,4200,"1396,6666666666667",3250,"3226,6666666666665",955,10200,670,1900,7410,16,775.0,5995,7500,2655,5540,2540.0,860.0,540,5200,20470,810,3225.0,500,15500,3990,700.0,6700.0,18440.0,430,01/05/2025
2300,5350.0,10750.0,1075.0,3745,4425,1800,3350,3800,955,9985,650,2200,8795,17,780.0,6400,7000,2485,4770,2275.0,870.0,690,5500,19300,850,3450.0,500,13950,3940,650.0,7445.0,6500.0,420,01/07/2024
2200,5250.0,10805.0,1155.0,3390,5700,2045,3200,3900,1100,10000,650,2355,8550,16,790.0,7805,7875,2390,4695,1985.0,790.0,860,5500,19800,895,3145.0,525,13800,4460,545.0,7000.0,6405.0,440,01/07/2025
1780,5340.0,15700.0,1060.0,4235,6090,2400,2770,3930,1240,10800,610,2710,9900,15,730.0,8250,9950,2740,6085,2000.0,700.0,995,6570,21895,950,3545.0,575,16900,5400,595.0,9990.0,7850.0,395,01/08/2024
1700,5200.0,15400.0,1020.0,3210,6100,2580,2550,4200,1375,9700,600,2335,9850,16,595.0,8095,9940,2480,6340,2080.0,690.0,975,6270,21890,930,3000.0,525,17290,6100,540.0,9500.0,6450.0,450,01/10/2024
1600,5350.0,16050.0,1060.0,3550,5950,2550,2600,3990,1190,10100,655,2395,11000,18,550.0,8985,10700,2575,6800,2440.0,975.0,1000,6300,21850,970,2825.0,520,12005,7180,690.0,18485.0,11265.0,505,01/11/2024
2020,5350.0,9900.0,1000.0,3350,"3747,5","1046,6666666666667","3309,375","2566,6666666666665",1060,10600,685,2000,7000,17,810.0,6300,7390,2795,6245,2155.0,650.0,500,5325,19425,885,3940.0,1000,14000,3600,560.0,7195.0,6500.0,450,02/02/2010
1670,5390.0,16700.0,1200.0,3425,6120,3040,2405,4250,1195,10145,680,2525,11500,17,600.0,10200,11345,2650,8350,2600.0,860.0,980,6050,25000,1075,3640.0,990,13800,8200,725.0,17950.0,18440.0,585,02/03/2010
2170,5350.0,9740.0,1080.0,3300,4230,"1396,6666666666667","3281,25","3226,6666666666665",980,10150,680,1910,7410,17,770.0,5980,7790,2600,5440,2600.0,965.0,530,5400,20490,810,3440.0,999,14995,3850,685.0,6700.0,7845.0,430,02/04/2010
2790,5200.0,10100.0,1455.0,4175,4225,1770,"3268,75",3620,980,9980,670,2050,7555,17,730.0,6495,7050,2690,5000,2590.0,805.0,495,5965,20300,910,3145.0,505,14495,3800,700.0,6900.0,11265.0,420,02/04/2025
2300,5220.0,11100.0,1150.0,3500,4475,1750,3300,3800,1025,9990,635,2215,8700,17,770.0,6400,7000,2450,4780,2160.0,700.0,690,5500,19375,845,3535.0,505,16900,3940,540.0,7300.0,6500.0,420,02/05/2025
1980,5150.0,13485.0,1200.0,3180,4800,1995,2720,3200,1170,9985,620,2140,8500,16,780.0,7445,7985,2300,4525,1850.0,815.0,830,5890,19600,855,3635.0,550,17975,4600,490.0,7295.0,6405.0,390,02/06/2025
1835,5595.0,16000.0,1025.0,3195,4695,1705,2200,2740,1100,9800,550,2180,8400,15,745.0,7650,8400,2275,4850,1880.0,795.0,740,5950,20800,870,3440.0,500,12905,4375,595.0,7500.0,7800.0,385,02/07/2024
1875,5250.0,16000.0,1110.0,3520,5700,1950,2840,2930,1200,10300,620,2450,8885,15,740.0,8830,9300,2420,6200,2440.0,690.0,835,6195,22450,905,3000.0,530,14990,4830,555.0,8500.0,11000.0,410,02/07/2025
1780,5730.0,15800.0,1100.0,4200,6090,2400,2770,3950,1235,10500,570,2700,9860,15,730.0,8260,9950,2705,6170,2155.0,980.0,985,6450,21895,975,2825.0,575,13900,5550,540.0,9900.0,11600.0,395,02/08/2024
1600,5240.0,16000.0,1000.0,3630,5750,2600,2590,4020,1210,10495,655,2440,10185,18,540.0,9000,10640,2560,6800,2600.0,650.0,1025,6350,22000,960,3210.0,650,14995,7200,740.0,17105.0,6500.0,515,02/09/2024
2075,5600.0,9925.0,1230.0,"3372,5","3747,5","1033,3333333333333","3306,25","2566,6666666666665",1060,10150,685,2000,6995,17,785.0,6300,7495,2795,6220,2580.0,895.0,490,5325,19450,850,3940.0,520,14400,3700,560.0,7000.0,6015.0,420,02/10/2024
1720,5350.0,16700.0,1560.0,3500,5920,3040,2375,4200,1190,9750,680,2515,11500,17,600.0,10200,11345,2640,8290,2160.0,805.0,980,6065,25000,1065,3630.0,495,16900,8100,700.0,17965.0,6885.0,585,02/12/2024
2900,5450.0,10100.0,1145.0,4095,4225,1900,"3262,5",3890,950,10000,640,2050,7680,17,740.0,6495,7000,2695,4880,1950.0,685.0,530,5965,20295,905,3290.0,1000,19320,3795,700.0,7000.0,7850.0,400,03/02/2010
2300,5550.0,11100.0,1200.0,3500,"4502,5",1880,3350,3900,1025,9995,680,2375,8685,17,770.0,6350,7000,2480,4780,1850.0,785.0,700,5590,19650,890,3440.0,490,13505,3960,535.0,7300.0,7850.0,420,03/02/2025
1950,5400.0,13485.0,1020.0,3000,4800,2000,2710,3200,1160,9985,605,2130,8590,16,775.0,7430,7950,2300,4525,1810.0,690.0,830,5700,19600,900,3100.0,990,15395,4595,510.0,7200.0,6995.0,415,03/03/2010
1835,5595.0,15995.0,1100.0,3200,4600,1720,2190,2700,1195,9800,550,2180,8730,16,740.0,7950,8425,2285,4940,2085.0,975.0,730,5985,21000,865,3005.0,510,15050,4480,605.0,8020.0,11000.0,410,03/03/2025
1825,5400.0,15995.0,1040.0,3780,5700,1950,3050,3045,1245,10000,615,2450,8885,16,720.0,8800,9250,2450,6200,2440.0,670.0,830,6210,22000,930,3705.0,500,13900,4950,555.0,8500.0,6015.0,405,03/04/2025
1780,5295.0,15700.0,1060.0,4190,6000,2400,2710,4105,1285,10500,575,2625,9860,15,545.0,8200,9980,2675,6100,2155.0,830.0,985,6400,21550,955,3615.0,535,14800,5700,545.0,9900.0,7300.0,400,03/06/2025
1660,5400.0,16900.0,1000.0,3735,5805,2795,2595,4050,1060,10445,655,2390,10175,18,775.0,9000,10750,2580,6740,2500.0,850.0,1035,6345,22100,980,3100.0,495,13945,7200,725.0,17700.0,7850.0,525,03/07/2024
2080,5450.0,9200.0,1320.0,"3412,5","3747,5","1066,6666666666667","3306,25","2566,6666666666665",1190,10400,685,1970,6995,17,580.0,6285,7500,2800,6220,2575.0,785.0,495,5250,19400,875,3005.0,530,16205,3700,570.0,7000.0,6450.0,420,03/07/2025
1710,5600.0,16265.0,1590.0,3500,6000,3070,2400,4200,980,10450,665,2520,11875,17,785.0,10200,11340,2690,8400,2275.0,685.0,985,6000,25000,1065,3705.0,625,15050,8090,650.0,18300.0,6475.0,580,03/09/2024
2800,5500.0,10100.0,1150.0,4095,"4447,5",2040,3500,3900,1030,9975,680,2070,7700,17,765.0,6495,7150,2670,4890,2000.0,755.0,530,5970,20350,910,3615.0,540,13950,3990,690.0,7000.0,10710.0,420,03/10/2024
2200,5500.0,11100.0,1140.0,3500,4800,2020,3350,4140,1100,9995,675,2300,8685,16,815.0,6455,7000,2460,4700,2095.0,800.0,690,5585,19850,850,3595.0,500,13900,3800,650.0,7300.0,7800.0,420,03/12/2024
2035,5395.0,11615.0,1110.0,3350,5530,2045,3185,3900,1155,9990,645,2180,8500,16,770.0,7505,7800,2395,4650,1975.0,680.0,875,5445,19800,875,3535.0,1000,14800,4790,540.0,7450.0,7850.0,410,04/02/2010
1980,5595.0,13500.0,1020.0,2950,4695,1995,2710,3205,1100,9985,615,2140,8590,16,740.0,7430,7955,2300,4695,1880.0,690.0,845,5695,19350,895,2825.0,480,14000,4595,525.0,7290.0,6575.0,420,04/02/2025
1835,5340.0,16000.0,1110.0,3300,4695,1710,2200,2700,1200,9800,550,2200,8400,16,735.0,8000,8525,2380,5000,2090.0,980.0,730,5990,21455,880,3350.0,510,15000,4700,620.0,8000.0,11000.0,415,04/03/2025
1825,5600.0,15800.0,1000.0,4060,5690,1995,3100,3260,1350,10250,610,2450,8885,16,585.0,8800,9350,2480,6195,2400.0,860.0,835,6400,22500,950,3310.0,500,14995,4995,580.0,9045.0,6500.0,410,04/04/2025
1635,5330.0,15400.0,1135.0,3250,6050,2600,2650,4200,1200,9400,600,2340,9895,15,555.0,8200,9800,2400,6350,2170.0,825.0,990,6000,21800,925,3100.0,530,13900,6095,510.0,9700.0,7850.0,480,04/06/2025
1660,5225.0,16895.0,1000.0,3735,5800,3000,2595,4045,1050,10000,650,2405,10200,18,770.0,8985,10745,2565,6550,2550.0,800.0,1025,6350,22500,980,3500.0,490,14850,7200,720.0,18000.0,7065.0,555,04/07/2024
2080,5300.0,9200.0,1005.0,3310,"3747,5","1066,6666666666667","3306,25","2566,6666666666665",980,10415,685,2000,6990,16,770.0,6250,7800,2775,6220,2440.0,700.0,495,5250,19500,850,3005.0,530,14200,3700,725.0,7000.0,10175.0,440,04/07/2025
2170,5595.0,9800.0,1560.0,3250,4230,"1383,3333333333333","3371,875","3166,6666666666665",995,10150,655,1945,7550,17,785.0,5980,7775,2480,5340,2000.0,810.0,535,5550,20470,870,3000.0,645,14500,3930,685.0,6695.0,6500.0,410,04/09/2024
2750,5500.0,10100.0,1135.0,3950,4475,1890,3760,3970,1020,10000,680,2070,8275,17,790.0,6490,7000,2690,5000,1940.0,800.0,520,5950,19800,905,3360.0,535,19315,3985,650.0,7000.0,18440.0,420,04/10/2024
2020,5450.0,11600.0,1160.0,3300,5245,2000,3180,3890,1150,9990,635,2100,8545,16,770.0,7550,7750,2250,4500,1985.0,635.0,870,5040,19700,885,3300.0,520,14495,4600,535.0,7050.0,7300.0,390,04/11/2024
1840,5300.0,13500.0,1020.0,2910,4600,2000,2690,3190,1110,9950,605,2105,8595,16,710.0,7405,7975,2300,4525,1875.0,860.0,840,5695,19600,900,3000.0,510,14495,4765,535.0,7295.0,7850.0,420,04/12/2024
1835,5500.0,16000.0,1100.0,3350,4710,1680,2300,2700,1170,9900,590,2200,8300,15,735.0,8200,8895,2360,5220,2050.0,830.0,730,5990,21890,880,3500.0,920,14500,4700,620.0,8000.0,6475.0,400,05/01/2010
1870,5350.0,15995.0,1025.0,4200,5670,2075,3045,3290,1330,10250,610,2475,8850,16,550.0,8800,9350,2500,6085,2550.0,800.0,830,6445,22215,955,3005.0,1000,14800,4990,600.0,9100.0,7590.0,410,05/02/2010
1635,5445.0,15400.0,1010.0,3375,6050,2600,2600,4170,1000,9595,565,2325,9900,16,770.0,8310,9790,2450,6400,2260.0,700.0,985,6100,22000,920,3000.0,485,17870,6300,725.0,10000.0,12470.0,515,05/02/2025
2170,5600.0,9800.0,1450.0,3295,4225,1390,"3371,875","3173,3333333333335",995,10140,665,1945,7575,17,780.0,5990,7795,2490,5285,2000.0,810.0,530,5400,20470,935,3705.0,505,15505,3900,650.0,6695.0,18995.0,400,05/03/2025
2750,5355.0,10750.0,1135.0,3900,4450,1750,3850,4000,1095,10000,680,2100,8245,17,750.0,6490,7000,2690,5000,1940.0,730.0,535,5965,19810,915,3940.0,505,14200,3980,605.0,6990.0,7845.0,420,05/05/2025
2020,5610.0,11495.0,1150.0,3305,5100,2000,3000,3875,1150,9990,650,2100,8590,16,770.0,7500,7800,2340,4680,1985.0,635.0,865,5350,19800,895,3570.0,535,14500,4305,535.0,7300.0,6495.0,410,05/06/2025
1950,5355.0,13500.0,1060.0,2910,4600,2005,2690,3400,1120,9980,615,2145,8925,16,740.0,7440,7950,2340,4520,1875.0,670.0,825,5600,19400,900,3300.0,490,14995,4695,535.0,7225.0,6475.0,400,05/07/2024
1835,5495.0,16000.0,1075.0,3390,4795,1700,2295,2700,1170,9900,580,2200,8400,15,730.0,8200,8895,2365,5475,2080.0,850.0,730,5995,22500,890,3440.0,565,17000,4700,620.0,7800.0,7590.0,390,05/08/2024
1870,5350.0,15990.0,1040.0,4210,5685,2130,2900,3400,1300,10150,610,2500,8875,15,720.0,8800,9500,2625,6090,2150.0,800.0,825,6400,22150,1005,3000.0,640,16600,5000,555.0,9550.0,12845.0,410,05/09/2024
1785,5340.0,15700.0,1000.0,4205,6000,2500,2780,4245,1330,10400,610,2625,9895,15,580.0,8250,9945,2570,5950,2600.0,730.0,985,6495,21700,955,3000.0,535,14970,5445,600.0,9900.0,18995.0,395,05/11/2024
1630,,15900.0,1400.0,3250,6095,2550,2575,4200,1130,9800,600,2290,9900,16,595.0,8450,9980,2430,6405,2115.0,640.0,990,6130,21845,920,3940.0,500,13900,6345,575.0,9505.0,7270.0,535,05/12/2024
1690,,16500.0,1010.0,3400,6000,3095,2540,4200,1000,9855,675,2525,11800,17,770.0,9850,11335,2660,8350,2000.0,975.0,985,6100,25300,1045,3560.0,920,14800,7950,725.0,18300.0,7845.0,580,06/01/2010
2170,,9800.0,1150.0,3295,4225,1390,"3371,875","3173,3333333333335",1030,10140,665,1945,7575,17,765.0,5990,7795,2490,5285,2080.0,665.0,530,5400,20470,935,3305.0,455,14495,3900,700.0,6695.0,10175.0,400,06/02/2025
2195,,11100.0,1155.0,3500,"5097,5",2170,3350,4125,1095,9990,675,2350,8645,17,780.0,6455,7000,2400,4780,2290.0,840.0,645,5400,19850,890,3300.0,500,15765,3960,560.0,7000.0,7300.0,430,06/03/2025
2000,,11650.0,1000.0,3300,5095,2000,2995,3900,1300,9990,650,2255,8480,16,720.0,7350,7795,2325,4550,2200.0,795.0,870,5350,19600,890,3500.0,1000,17000,4315,555.0,7300.0,6960.0,435,06/04/2010
1785,,15800.0,970.0,4295,5985,2550,2780,4280,1300,10350,605,2620,9900,15,560.0,8205,9995,2560,5505,2500.0,730.0,985,6480,21900,950,2825.0,505,17100,5245,555.0,9900.0,10175.0,395,06/05/2025
1610,,15850.0,995.0,3225,6200,2595,2575,4195,1000,9800,600,2230,9900,16,795.0,8635,9500,2430,6425,2600.0,630.0,985,6050,21500,925,3980.0,565,14970,6345,740.0,10215.0,12845.0,575,06/08/2024
2155,,9200.0,1300.0,"3412,5","3762,5","1086,6666666666667","3287,5","2566,6666666666665",1190,10410,685,1995,6900,17,595.0,6150,7500,2850,6220,2135.0,980.0,500,5330,19205,890,3995.0,595,13100,3750,540.0,7000.0,6015.0,430,06/09/2024
1650,,16500.0,1085.0,3420,5960,3305,2490,4200,1000,9900,650,2500,11200,17,765.0,9405,11300,2650,8300,2000.0,670.0,985,6050,24700,1030,3560.0,530,14700,7840,725.0,18300.0,7300.0,540,06/11/2024
2225,,9800.0,1150.0,"3252,5",4225,"1396,6666666666667","3365,625",3200,1050,10200,665,1990,7540,17,765.0,6000,7700,2500,5275,2000.0,860.0,535,5520,20450,965,3320.0,515,14400,3850,690.0,6700.0,7850.0,425,06/12/2024
2040,,11100.0,1100.0,3420,"5097,5",2330,3290,4100,1095,9985,675,2340,8615,17,780.0,6455,6990,2430,4700,2245.0,770.0,690,5400,19995,875,3000.0,920,15805,4255,560.0,7000.0,6930.0,425,07/01/2010
2000,,12000.0,925.0,3210,5200,2000,2995,3900,1240,9995,650,2325,8480,16,720.0,7445,7800,2390,4550,2200.0,835.0,865,5350,19600,880,2825.0,485,18275,4500,550.0,7300.0,7000.0,405,07/02/2025
1780,,15900.0,1000.0,4310,5605,2540,2760,4280,1300,10595,600,2490,9900,15,540.0,7800,9900,2535,5095,2650.0,730.0,960,6320,21900,910,3210.0,500,18200,4980,525.0,9880.0,7600.0,395,07/03/2025
1605,,15945.0,950.0,3230,6245,2565,2575,4200,1040,9800,605,2255,9900,16,790.0,8655,9900,2410,6500,2600.0,825.0,990,6090,21600,940,3980.0,1000,13200,6400,740.0,10980.0,20415.0,615,07/04/2010
2155,,9200.0,1265.0,"3412,5","3762,5","1066,6666666666667","3293,75","2566,6666666666665",1180,10400,685,2000,6900,17,595.0,6195,7500,2875,6210,2425.0,740.0,495,5430,19205,880,3560.0,505,14850,3875,540.0,7000.0,6015.0,430,07/04/2025
1650,,16700.0,1060.0,3480,5990,3470,2500,4145,980,9890,665,2500,11290,16,765.0,9650,11310,2650,8350,2125.0,685.0,985,5805,25100,1065,3530.0,540,14005,7665,700.0,18740.0,10500.0,580,07/05/2025
2240,,9800.0,1450.0,3250,"4372,5",1400,"3312,5","3266,6666666666665",1050,10295,670,1985,7540,17,780.0,5980,7675,2650,5260,1975.0,980.0,530,5500,20450,955,3300.0,530,14700,3895,695.0,6700.0,7840.0,435,07/07/2025
2700,,10750.0,1070.0,3800,4400,1755,3800,3895,1050,10000,680,2125,8000,16,765.0,6490,7000,2690,5000,1860.0,695.0,505,5950,20000,915,2825.0,565,14995,3900,670.0,6900.0,7700.0,405,07/08/2024
2100,,11100.0,1150.0,3420,"5042,5",2500,3250,3900,1100,9990,675,2360,8595,17,770.0,6450,6995,2400,4750,1850.0,825.0,740,5495,19990,875,3450.0,500,16975,4560,535.0,7000.0,12845.0,440,07/10/2024
1950,,13500.0,985.0,3000,4640,2000,2650,3180,1120,9950,600,2230,8925,16,735.0,7445,7940,2300,4520,2400.0,835.0,830,5810,19500,900,3640.0,520,"8659,00000008659",4690,620.0,7295.0,7300.0,410,07/11/2024
1835,,16000.0,1055.0,3375,4755,1720,2350,2700,1200,9900,580,2200,8390,15,685.0,8210,8895,2380,5370,2200.0,730.0,725,5985,22200,890,3525.0,1000,12210,4700,510.0,7995.0,7840.0,400,08/02/2010
1795,,15995.0,925.0,4250,5685,2150,2995,3350,1300,10150,605,2565,8880,16,670.0,8900,9800,2670,6150,2600.0,795.0,885,6450,21895,995,3300.0,950,13900,5295,530.0,9700.0,7700.0,405,08/03/2010
1780,,15900.0,1150.0,4310,5800,2500,2765,4270,1195,10400,605,2485,9900,15,560.0,8000,9800,2600,5200,2430.0,680.0,920,6300,21900,910,3210.0,500,14005,5050,740.0,9780.0,7000.0,385,08/04/2025
1710,,17000.0,995.0,3800,6000,3150,2600,4195,990,10000,675,2405,10400,18,790.0,8700,10800,2580,6985,2100.0,685.0,1040,6395,22510,980,3305.0,575,14010,7190,540.0,18200.0,7000.0,550,08/05/2025
2180,,9200.0,1265.0,3310,4000,"1086,6666666666667","3287,5","2663,3333333333335",1190,10300,685,1980,6900,17,595.0,6195,7500,2875,6155,2000.0,980.0,495,5425,19740,880,3500.0,465,14995,3875,700.0,7000.0,8275.0,410,08/07/2024
1650,,16275.0,1450.0,3500,5995,3470,2585,4150,975,10000,655,2500,11895,16,785.0,9650,11350,2650,8300,1850.0,650.0,995,6000,25000,1040,3000.0,530,16300,7640,625.0,18510.0,12000.0,575,08/07/2025
2645,,10750.0,1080.0,3800,"4422,5",1755,3700,3800,1000,9980,680,2125,8100,17,765.0,6455,7000,2655,4950,1895.0,885.0,505,6000,20295,925,3210.0,570,"8659,00000008659",3990,535.0,7000.0,7300.0,425,08/08/2024
1945,,10530.0,1160.0,3495,5000,2450,3350,4000,1050,9995,640,2345,8600,17,760.0,6440,6990,2390,4800,1800.0,835.0,790,5395,19650,830,3305.0,500,12200,4500,540.0,7100.0,7840.0,470,08/10/2024
1830,,13500.0,1000.0,2955,4640,1980,2600,3200,1120,9950,600,2150,8690,16,725.0,7405,7950,2250,4525,2580.0,795.0,810,5780,19600,880,3500.0,520,13000,4600,665.0,7295.0,7250.0,400,08/11/2024
1835,,15500.0,1075.0,3340,4610,1795,2350,2550,1200,9900,560,2200,8375,16,715.0,8200,8895,2370,5360,2200.0,730.0,770,5950,21995,875,3295.0,1000,14000,4700,475.0,7800.0,7000.0,395,09/02/2010
1800,,15995.0,930.0,4315,5700,2125,2995,3300,1310,10245,605,2670,8800,16,620.0,9000,9800,2670,6100,2795.0,825.0,890,6500,21890,1020,3000.0,950,14800,5280,500.0,9600.0,7000.0,415,09/03/2010
1800,,14915.0,1065.0,4300,5950,2595,2790,4100,1195,10360,605,2485,9900,14,560.0,8000,9880,2780,5400,2430.0,800.0,920,6300,21850,925,2835.0,505,13995,5150,740.0,9750.0,8895.0,385,09/04/2025
1600,,17000.0,995.0,3790,6105,3130,2585,4145,980,10200,660,2390,11150,17,785.0,8995,10750,2585,7280,2100.0,635.0,1040,6395,23045,980,3980.0,595,14900,7215,540.0,18200.0,12400.0,550,09/05/2025
2155,,9885.0,1325.0,3375,4000,"1066,6666666666667","3281,25","2666,6666666666665",1190,10400,680,2000,6900,17,590.0,6000,7400,2880,6185,2000.0,670.0,500,5425,19740,890,3995.0,490,19320,3885,700.0,7000.0,7300.0,420,09/07/2024
1700,,16500.0,1445.0,3475,5995,3460,2580,4010,1035,10100,650,2510,11890,16,775.0,9550,11350,2690,8310,2000.0,975.0,995,6050,25005,1045,3640.0,530,17000,7155,650.0,18600.0,7840.0,550,09/07/2025
2450,,10500.0,1080.0,3800,4400,1800,3670,3705,980,9980,680,2130,8000,16,765.0,6495,7000,2655,4925,1860.0,900.0,535,6000,20290,920,3550.0,560,11700,3990,600.0,7000.0,7000.0,425,09/08/2024
2090,,11000.0,1100.0,3420,5145,2350,3300,3975,1095,10000,650,2310,8600,17,780.0,6430,6985,2400,4800,1945.0,950.0,745,5400,19650,885,3300.0,585,13500,4490,540.0,7000.0,7000.0,505,09/09/2024
2000,,12900.0,1125.0,3200,5000,2000,2990,3800,1050,9360,665,2155,8380,16,760.0,7445,7800,2350,4550,2245.0,825.0,845,5300,19500,860,3000.0,500,14995,4450,540.0,7300.0,7025.0,405,09/10/2024
1900,,13800.0,1045.0,2995,4795,1975,2600,3200,1120,9950,600,2185,8800,16,700.0,7400,7955,2245,4495,2500.0,800.0,815,5595,19300,880,2835.0,510,15725,4690,710.0,7295.0,10500.0,405,09/12/2024
1835,,15500.0,1010.0,3380,4800,1760,2365,2700,1185,9850,590,2300,8400,16,720.0,8200,9100,2370,5370,2205.0,635.0,770,5945,21990,880,3980.0,490,11700,4700,545.0,7995.0,12400.0,400,10/02/2025
1850,,15950.0,1075.0,4315,5700,2105,3000,3300,1330,10495,610,2610,8800,16,560.0,8995,9990,2690,6150,2795.0,690.0,900,6590,21850,1020,3995.0,500,14200,5280,475.0,9995.0,7300.0,410,10/03/2025
1610,,17000.0,1140.0,3365,6255,2575,2595,4210,1195,9595,600,2250,9900,16,555.0,8690,9900,2400,6550,2400.0,965.0,995,6100,21850,945,3640.0,495,15000,6605,740.0,11800.0,7000.0,660,10/04/2025
1720,,9800.0,940.0,3800,6190,3065,2630,4100,980,10000,635,2390,11000,17,790.0,8800,11400,2690,7450,2000.0,880.0,1040,6395,23100,990,3250.0,565,16975,7270,690.0,18200.0,7000.0,510,10/06/2025
2230,,9700.0,1080.0,3350,3990,"1086,6666666666667","3281,25",2670,980,10290,680,1995,6860,17,765.0,5995,7400,2850,6180,2000.0,790.0,495,5425,19740,885,3000.0,490,"8650,0000000865",3870,700.0,7000.0,7550.0,420,10/07/2024
2240,,10160.0,1445.0,3255,"4422,5",1400,"3365,625","3266,6666666666665",1030,10195,670,1990,7540,16,770.0,5950,7500,2600,5260,1995.0,825.0,525,5455,20450,940,3980.0,525,14995,3900,645.0,6695.0,12845.0,435,10/07/2025
2600,,12900.0,1100.0,3895,4400,1850,3585,3865,1025,9980,665,2125,8025,17,780.0,6350,7095,2460,4920,1945.0,800.0,530,5950,20290,940,3990.0,595,13900,3985,540.0,7000.0,8895.0,425,10/09/2024
1850,,13800.0,1125.0,3195,4785,2000,2990,3900,1095,9990,625,2200,8380,15,760.0,7500,7800,2350,4550,2280.0,700.0,840,5450,19500,855,3640.0,475,14935,4475,540.0,7300.0,10500.0,400,10/10/2024
1900,,15500.0,990.0,2990,4900,1980,2650,3200,1120,9975,615,2185,8800,16,730.0,7400,7975,2245,4500,2500.0,675.0,800,5775,19300,870,3500.0,510,14800,4600,700.0,7295.0,7850.0,400,10/12/2024
1820,,15900.0,1065.0,3400,4845,1750,2400,2800,1150,9900,580,2300,8310,15,680.0,8245,9180,2445,5375,2795.0,695.0,775,5950,21000,880,3245.0,972,14195,4700,565.0,8000.0,9560.0,400,11/02/2010
1800,,15900.0,1150.0,4310,5680,2130,3040,3405,1330,10500,610,2665,8885,16,560.0,8985,9995,2820,6200,2400.0,965.0,920,6585,22200,1015,3000.0,490,17200,5000,490.0,9985.0,10500.0,415,11/02/2025
1610,,16100.0,1140.0,3495,6250,2625,2595,4200,1190,9700,605,2290,9905,15,555.0,8695,9950,2405,6700,2095.0,820.0,1010,6130,21600,945,3980.0,495,"8659,00000008659",6790,700.0,12685.0,6500.0,705,11/03/2025
1840,,9850.0,1080.0,3640,6005,3000,2690,4100,980,10005,680,2395,11000,18,770.0,8800,11395,2650,7885,2000.0,735.0,1045,6390,23500,995,3990.0,495,14590,7600,700.0,18000.0,5565.0,530,11/04/2025
2240,,10500.0,1400.0,3400,4475,1400,3375,"3366,6666666666665",980,10195,670,1995,7700,17,720.0,6275,7500,2600,4870,1995.0,700.0,530,5500,20450,925,3490.0,555,13100,3895,665.0,6600.0,7820.0,435,11/06/2025
2590,,12900.0,1150.0,3795,4420,1835,3400,3900,1095,9980,675,2150,8240,17,780.0,6455,7000,2400,4800,1945.0,700.0,565,5975,20005,940,3245.0,490,14900,3980,540.0,6770.0,7850.0,405,11/07/2024
1985,,13800.0,1125.0,3000,4800,2000,2990,3900,1020,10000,625,2250,8500,16,750.0,7650,7800,2370,4550,1930.0,975.0,865,5315,19500,875,3970.0,525,14600,4450,540.0,7300.0,10275.0,410,11/07/2025
1860,,15500.0,1050.0,2990,4970,1980,2520,3395,1120,9705,615,2185,8900,16,730.0,7400,7975,2300,4495,2250.0,800.0,800,5775,19600,850,3990.0,595,14195,4690,695.0,7295.0,10200.0,400,11/09/2024
1815,,15950.0,1065.0,3400,4845,1780,2385,2800,1235,9945,560,2200,8400,15,680.0,8400,9200,2495,5390,2795.0,735.0,750,5970,21995,895,3490.0,505,18480,4700,480.0,8000.0,12855.0,400,11/10/2024
1800,,15500.0,865.0,4350,5700,2130,2910,3405,1375,10800,610,2750,8850,16,620.0,8985,10100,2800,6320,2795.0,700.0,980,6580,21900,1015,3000.0,485,"8650,0000000865",5200,595.0,9980.0,6500.0,415,11/11/2024
1800,,14755.0,1200.0,4295,6000,2600,2785,4100,1350,10400,610,2400,9925,15,600.0,8100,9900,2650,5650,2100.0,700.0,960,6200,21900,925,3480.0,510,14000,5245,550.0,9745.0,5565.0,390,11/12/2024
1610,,17500.0,1395.0,3380,6200,2675,2680,4200,1175,9800,605,2290,10500,16,590.0,8610,9990,2400,6800,1930.0,685.0,1000,6130,21995,925,3000.0,950,11900,6750,700.0,13635.0,7845.0,715,12/02/2010
1715,,9850.0,1040.0,3480,5990,3445,2580,4250,980,10000,675,2500,11800,16,770.0,9450,11300,2685,8250,2245.0,975.0,995,5910,25200,1045,3010.0,495,13900,7400,625.0,18350.0,7820.0,525,12/02/2025
2200,,10950.0,1080.0,3350,"4422,5",1400,3375,"3616,6666666666665",990,10200,670,1990,7550,17,765.0,6275,7500,2600,4835,2205.0,965.0,525,5525,20500,910,3480.0,1000,15000,3860,650.0,6600.0,7000.0,415,12/03/2010
2000,,12900.0,1150.0,3500,5005,2245,3250,3975,1090,10000,660,2305,8500,16,780.0,6410,6990,2395,4700,2050.0,865.0,750,5425,19500,890,3240.0,510,14600,4450,500.0,6905.0,7000.0,495,12/03/2025
1870,,15500.0,925.0,2960,5050,1960,2950,3900,1340,9970,670,2250,8300,15,575.0,7500,7845,2370,4525,1930.0,795.0,810,5450,19550,860,3000.0,585,15000,4200,585.0,7300.0,11045.0,400,12/05/2025
1780,,15850.0,1155.0,4285,5995,2685,2790,4200,1320,10360,610,2490,9925,15,580.0,8200,9930,2735,6000,2205.0,730.0,990,6300,21805,900,2800.0,550,18400,5240,740.0,9745.0,13815.0,390,12/06/2025
1605,,9800.0,990.0,3490,6125,2650,2600,4200,980,9855,605,2300,11060,16,790.0,8590,10100,2400,6800,2500.0,765.0,985,6130,21995,950,4000.0,490,"8659,00000008659",6745,700.0,14655.0,7845.0,665,12/07/2024
2180,,9850.0,1040.0,3300,3990,"1086,6666666666667","3278,125",2670,980,10350,680,2020,6900,17,770.0,6000,7450,2880,5800,2300.0,800.0,490,5415,19900,890,3995.0,570,12580,3875,630.0,7000.0,7820.0,420,12/08/2024
2200,,10950.0,1065.0,3350,"4422,5",1400,3375,"3616,6666666666665",1050,10200,670,1990,7550,17,760.0,6275,7500,2600,4835,2740.0,700.0,525,5525,20500,910,3510.0,555,14000,3860,650.0,6600.0,7000.0,415,12/09/2024
2100,,12900.0,1150.0,3500,5050,2240,3250,4000,1090,9990,660,2360,8400,16,780.0,6430,6990,2350,4700,2400.0,690.0,740,5400,19400,895,3550.0,500,14100,4400,530.0,7000.0,7105.0,480,12/11/2024
1870,,15500.0,990.0,2960,5050,1960,2950,3900,1375,9970,670,2250,8300,15,615.0,7500,7845,2370,4525,2050.0,905.0,810,5450,19550,860,3245.0,510,14500,4200,620.0,7300.0,11045.0,400,12/12/2024
1715,,15500.0,1070.0,4310,6000,2685,2790,4255,1225,10500,570,2305,9920,14,575.0,8190,9930,2700,5985,2145.0,870.0,985,6000,21900,925,3000.0,490,16000,5300,520.0,9750.0,14850.0,390,13/02/2025
1605,,16900.0,1135.0,3490,5990,2760,2640,4245,1190,10570,600,2290,11060,16,590.0,8610,10100,2390,6985,1990.0,795.0,995,6200,21995,950,4000.0,500,18375,6850,740.0,15750.0,7820.0,620,13/03/2025
1840,,9800.0,1000.0,3790,6010,3085,2710,4150,980,10250,680,2400,10885,17,780.0,8990,11150,2600,7820,2080.0,690.0,1025,6300,23890,1000,3510.0,560,"9307,500000093074",7605,700.0,18050.0,7000.0,560,13/05/2025
2150,,9850.0,1060.0,"3297,5","3952,5","1086,6666666666667",3250,2670,980,10355,675,2010,6905,17,765.0,6000,7500,2900,6150,1930.0,815.0,500,5415,19900,875,3550.0,510,12950,3785,705.0,7000.0,6575.0,420,13/06/2025
2285,,10550.0,1295.0,3350,4450,"1396,6666666666667","3359,375",3660,980,10100,665,1995,7580,17,770.0,6100,7150,2595,4830,2600.0,800.0,520,5525,20450,905,3340.0,605,14000,3800,650.0,6600.0,10200.0,420,13/08/2024
2585,,10950.0,1080.0,3790,4400,1750,3145,3900,990,10000,675,2150,8305,17,815.0,6300,7000,2580,4800,2300.0,690.0,575,6000,20200,940,3000.0,555,14995,3970,540.0,7000.0,15960.0,405,13/09/2024
2130,,13800.0,1120.0,3500,5100,2150,3300,3975,1095,9990,660,2345,8500,16,740.0,6430,6990,2350,4700,2395.0,905.0,695,5400,19300,885,3000.0,500,14500,4400,535.0,6950.0,5565.0,465,13/11/2024
1895,,15500.0,1050.0,2980,4995,1970,2600,3300,1110,9950,620,2145,8900,16,725.0,7390,7960,2300,4500,2100.0,870.0,805,5770,19600,850,3000.0,500,14195,4600,690.0,7295.0,6475.0,405,13/12/2024
1850,,15900.0,1025.0,3475,4900,1780,2440,2800,1325,9940,580,2240,8800,16,720.0,8620,9100,2490,5500,2145.0,790.0,805,5995,21990,880,4000.0,490,17200,4700,565.0,7800.0,6450.0,400,14/02/2025
1810,,15500.0,990.0,4310,5775,2130,2910,3400,1350,10855,600,2750,8985,16,615.0,8800,10250,2795,6490,1870.0,730.0,980,6600,21850,980,3450.0,505,15000,5200,525.0,9700.0,6575.0,415,14/03/2025
1780,,16900.0,1135.0,4020,5995,2750,2790,4265,1195,10500,610,2445,9915,15,580.0,8190,9930,2700,5900,1945.0,730.0,990,6200,22105,920,3330.0,1050,13920,5330,740.0,9750.0,10175.0,395,14/04/2010
1845,,9185.0,1000.0,3650,6100,3095,2700,4145,970,10035,660,2455,10900,18,775.0,8990,11000,2600,7820,1930.0,825.0,950,6300,23800,1000,3000.0,460,14000,7740,710.0,18000.0,17155.0,585,14/04/2025
2200,,10500.0,1200.0,3300,"3807,5","1086,6666666666667","3240,625",2670,985,10300,685,2010,6910,17,770.0,6000,7500,2915,6150,2510.0,800.0,495,5430,19900,855,2800.0,535,17195,3785,650.0,7000.0,5960.0,415,14/05/2025
2580,,10950.0,1130.0,3700,"4447,5",1650,3160,3900,1040,9980,675,2140,8300,17,815.0,6325,6965,2500,4760,2300.0,720.0,570,6000,20200,920,3000.0,510,16125,3970,540.0,7000.0,6475.0,415,14/07/2025
2145,,13800.0,1040.0,3480,5350,2145,3300,3900,1095,9980,670,2345,8500,16,740.0,6435,6990,2380,4690,2220.0,690.0,695,5420,19640,880,3300.0,650,14960,4445,525.0,7000.0,6575.0,465,14/08/2024
1850,,15300.0,1040.0,2950,4750,1970,2595,3300,1095,9750,620,2160,8850,16,730.0,7395,7985,2355,4500,2100.0,855.0,805,5765,19500,895,3330.0,505,14000,4500,680.0,7295.0,11045.0,400,14/10/2024
1880,,15900.0,1045.0,3490,4985,1805,2475,2750,1395,9945,580,2235,8850,16,720.0,9095,9180,2490,5690,2000.0,980.0,865,5995,21850,895,3000.0,500,17000,4710,510.0,8225.0,10935.0,385,14/11/2024
1840,,16600.0,1000.0,4325,6125,2090,2915,3465,1350,11500,610,2800,9000,15,615.0,9000,10200,2750,6490,2145.0,805.0,980,6600,21850,1000,3450.0,1000,18040,5275,765.0,10000.0,5960.0,410,15/01/2010
1780,,9695.0,1135.0,3995,5990,2685,2775,4210,1190,10400,610,2400,9800,15,595.0,8190,9895,2600,5745,1870.0,700.0,990,6250,22000,920,4000.0,1000,"9308,000000093078",5330,710.0,9740.0,7850.0,400,15/03/2010
1945,,10550.0,1000.0,3650,6295,3090,2700,4155,960,10300,650,2455,10995,17,770.0,9375,11150,2685,7900,1945.0,730.0,945,6300,23890,1075,3945.0,1000,16500,7985,650.0,18000.0,7850.0,600,15/04/2010
2255,,10950.0,1155.0,3300,3945,"1066,6666666666667","3243,75","2733,3333333333335",975,10300,695,1990,7000,16,720.0,6000,7500,2950,6090,2245.0,825.0,500,5425,20500,870,3645.0,460,14000,3790,605.0,7000.0,10275.0,405,15/04/2025
2390,,12800.0,1130.0,3675,4425,1765,3255,3795,1015,9960,645,2165,8900,17,800.0,6400,7000,2415,4795,2595.0,800.0,565,5950,20195,900,3645.0,535,15000,3970,500.0,6605.0,10935.0,415,15/05/2025
2145,,14000.0,1150.0,3500,5250,2010,3300,3895,1020,9980,670,2345,8595,16,765.0,6435,7125,2400,4690,2300.0,750.0,710,5425,19300,880,3550.0,490,14500,4390,535.0,7000.0,6500.0,460,15/07/2024
1780,,15295.0,1000.0,3000,5050,2000,2940,3795,1145,9970,645,2200,8490,16,740.0,7500,7850,2350,4525,2600.0,660.0,840,5450,19460,850,3325.0,650,14000,4500,650.0,7300.0,5960.0,400,15/08/2024
1850,,16000.0,1050.0,2980,4995,1970,2605,3300,1080,9900,610,2200,8800,16,730.0,7315,7960,2345,4500,2385.0,975.0,805,5695,19605,850,2810.0,520,18040,4735,610.0,7295.0,7850.0,390,15/10/2024
1885,,15500.0,1025.0,3470,5100,1805,2425,2705,1395,9985,580,2235,8885,15,725.0,9000,9180,2500,5915,2095.0,865.0,905,5995,21900,890,3225.0,500,"9500,000000094999",4710,510.0,8200.0,7850.0,390,15/11/2024
1840,,16990.0,1145.0,4300,6105,2100,2900,3465,1310,11500,610,2800,9600,16,570.0,8995,10200,2780,6490,2145.0,725.0,1000,6500,21850,1000,3945.0,1000,16500,5245,765.0,9610.0,10275.0,415,16/03/2010
1600,,9500.0,1190.0,3590,6105,2780,2750,4200,1200,10000,645,2285,11245,16,600.0,8500,10200,2390,6985,1860.0,720.0,995,6200,21990,960,3285.0,465,14000,6985,720.0,16930.0,11265.0,575,16/04/2025
2090,,9750.0,1000.0,3650,6120,3070,2700,4150,950,10400,680,2455,11150,18,770.0,9490,11100,2550,8000,1945.0,740.0,945,6290,24610,1090,3325.0,530,15000,8500,710.0,17995.0,18440.0,590,16/05/2025
2420,,10500.0,1100.0,"3222,5",3875,"1066,6666666666667","3243,75","2673,3333333333335",1000,10305,700,2000,7140,17,770.0,5995,7500,2950,6090,2205.0,750.0,480,5425,20500,875,3000.0,545,14500,3790,560.0,7000.0,6500.0,405,16/06/2025
2315,,12895.0,1070.0,3415,4245,"1393,3333333333333","3359,375","3476,6666666666665",990,10100,660,1995,7500,17,770.0,5990,7180,2595,4800,2630.0,975.0,520,5595,20440,915,2810.0,490,14000,3860,465.0,6550.0,6405.0,420,16/07/2024
2390,,14000.0,1125.0,3645,4425,1755,3140,3790,1050,9960,645,2205,8400,17,775.0,6200,7000,2450,4995,2600.0,790.0,560,5950,20005,915,3225.0,695,18000,3975,540.0,7000.0,7850.0,415,16/08/2024
1895,,15295.0,940.0,3000,5080,2000,2940,3700,1160,9970,645,2200,8490,16,740.0,7600,7940,2350,4525,2300.0,725.0,845,5400,19500,910,3940.0,565,"9500,000000094999",4500,630.0,7300.0,6450.0,395,16/09/2024
1775,,16000.0,1050.0,2995,4990,1910,2565,3205,1080,9800,600,2250,8845,16,730.0,7300,7960,2340,4495,1980.0,700.0,775,5690,19600,880,3290.0,510,16500,4650,565.0,7295.0,6575.0,385,16/10/2024
1750,,15500.0,1025.0,3495,5375,1850,2500,2780,1375,9950,600,2230,8885,16,725.0,9050,9200,2495,6085,2145.0,750.0,920,6100,21900,895,3350.0,500,14895,4750,540.0,8300.0,,410,16/12/2024
1795,,16990.0,1145.0,4320,6095,2255,2685,3720,1320,11500,610,2795,9100,15,560.0,8900,10000,2895,6400,1865.0,795.0,1020,6500,21695,1000,3320.0,960,14000,5400,720.0,9630.0,,410,17/02/2010
1590,,9850.0,1160.0,3600,5990,2800,2795,4200,1175,10465,690,2290,11900,16,585.0,8500,10500,2390,6900,2050.0,975.0,1000,5865,21955,995,3000.0,490,14105,6985,700.0,16900.0,,535,17/02/2025
2075,,10500.0,1060.0,3650,6300,3070,2695,4150,1000,10290,665,2460,11500,18,720.0,9500,11150,2600,7920,1930.0,835.0,970,6290,24610,1090,2825.0,1000,14495,8390,520.0,18000.0,,600,17/03/2010
2345,,12800.0,1070.0,3410,4145,"1426,6666666666667","3353,125","3283,3333333333335",995,10005,660,1995,7485,17,785.0,5990,7175,2600,5160,2205.0,700.0,515,5600,20430,900,3940.0,505,15750,3850,465.0,6555.0,,420,17/03/2025
2505,,14225.0,1125.0,3600,"4347,5",1760,3140,3750,1080,9980,675,2205,8800,17,765.0,6395,7000,2460,4980,2595.0,650.0,585,5950,19800,900,3645.0,470,16800,3960,530.0,7300.0,,415,17/04/2025
1895,,15250.0,945.0,3000,5240,2000,2900,3600,1155,9970,615,2195,8325,16,750.0,7500,7950,2340,4525,1950.0,695.0,845,5400,19500,910,3225.0,505,"9500,000000094999",4580,625.0,7200.0,,410,17/06/2025
1800,,16200.0,1045.0,2990,4995,1940,2570,3190,1120,9900,570,2210,8900,16,730.0,7200,7970,2340,4655,2095.0,690.0,750,5685,19895,875,,500,14895,4650,600.0,7295.0,,390,17/07/2024
1880,,15770.0,1020.0,3495,5690,1885,2570,2780,1395,9985,605,2225,8885,16,730.0,9050,9265,2480,6085,1815.0,800.0,900,6100,21900,895,,565,13900,4925,700.0,8490.0,,400,17/09/2024
1795,,9995.0,1000.0,4300,6125,2420,2675,3995,1350,11495,570,2800,9515,16,615.0,8890,10150,2865,6400,2370.0,965.0,1010,6450,21900,990,,525,13000,5440,650.0,10195.0,,410,17/10/2024
1780,,10950.0,1175.0,3995,5990,2685,2775,4210,1360,10400,610,2400,9800,15,560.0,8190,9895,2600,5745,2300.0,860.0,990,6250,22000,920,,515,14495,5330,520.0,9740.0,,400,17/12/2024
1525,,12900.0,1070.0,3595,5900,2800,2820,4200,1000,10445,700,2250,11800,15,770.0,8600,10400,2450,6800,2405.0,830.0,980,6250,21850,960,,990,16900,6905,560.0,16890.0,,505,18/01/2010
2350,,15450.0,1130.0,3305,4150,1400,"3281,25","3266,6666666666665",1015,10000,635,2000,7480,17,800.0,6200,7185,2645,5000,1990.0,800.0,500,5590,20300,905,,950,16815,3860,585.0,6895.0,,420,18/02/2010
2295,,16950.0,1045.0,3500,5250,2120,3495,3845,1080,9995,645,2340,8590,16,765.0,6435,7150,2395,4675,2090.0,745.0,760,5425,19300,880,,490,"10212,500000102124",4320,755.0,7000.0,,445,18/02/2025
1900,,9870.0,995.0,2975,5000,1965,2885,3500,1350,9960,650,2110,8325,16,605.0,7400,7990,2340,4500,1820.0,650.0,840,5350,19400,900,,1000,14000,4610,700.0,7300.0,,440,18/03/2010
1715,,9755.0,1090.0,3895,6000,2640,2775,4265,1300,10500,600,2475,9895,15,550.0,8200,9900,2580,6150,2380.0,685.0,990,6210,22510,910,,505,12860,5520,650.0,9750.0,,395,18/03/2025
1600,,10900.0,1020.0,3645,5800,2825,2800,4200,945,10420,700,2260,11800,16,770.0,8500,10400,2405,6900,2520.0,800.0,995,6300,21900,950,,465,13945,6990,540.0,16850.0,,515,18/04/2025
2400,,12900.0,1100.0,3225,3915,"1083,3333333333333","3243,75","2686,6666666666665",995,10155,685,2010,7050,17,770.0,6000,7500,2990,6000,2295.0,860.0,495,5425,20445,855,,540,15000,3800,565.0,7000.0,,425,18/06/2025
2375,,15440.0,1130.0,3350,"4172,5",1370,"3281,25","3266,6666666666665",1015,10000,660,2040,7400,17,800.0,6100,7190,2700,5000,2405.0,800.0,495,5595,20300,905,,500,14400,3900,545.0,6900.0,,420,18/07/2024
2125,,17500.0,1120.0,3500,"5197,5",2150,3300,3850,1080,10000,650,2310,8570,16,765.0,6440,7120,2395,4580,2150.0,720.0,795,5400,19500,885,,525,13950,4450,540.0,7000.0,,455,18/09/2024
1980,,16950.0,990.0,2995,5120,1970,2800,3395,1380,9970,640,2150,8450,16,545.0,7300,7985,2350,4525,2000.0,810.0,840,5400,19300,900,,525,16900,4600,740.0,7295.0,,420,18/10/2024
1770,,9800.0,1145.0,3825,6100,2640,2775,4300,1350,10495,600,2395,9895,15,585.0,8165,9900,2550,6035,1900.0,650.0,980,6200,22500,925,,495,16500,5495,680.0,9500.0,,395,18/11/2024
1595,,9755.0,1195.0,3605,5950,2825,2705,4250,1200,9800,690,2390,12005,17,785.0,8600,10400,2500,6990,2045.0,695.0,1000,6400,22010,950,,515,13205,6900,710.0,16850.0,,510,18/12/2024
1920,,10550.0,1020.0,3750,6295,3060,2685,4140,960,10345,660,2480,11995,18,765.0,9940,11150,2405,7990,1950.0,860.0,1000,6300,24610,1090,,1050,13935,8450,655.0,17510.0,,590,19/01/2010
2410,,10900.0,1180.0,3225,3900,"1083,3333333333333","3231,25","2743,3333333333335",995,10155,685,2020,7135,17,775.0,5925,7500,2990,6000,2525.0,850.0,495,5420,20450,860,,952,13800,3800,435.0,7000.0,,420,19/02/2010
2400,,14220.0,1010.0,3415,"4172,5",1370,"3281,25","3263,3333333333335",950,10000,660,2070,7500,17,800.0,6200,7150,2775,5000,2290.0,790.0,515,5600,20275,905,,490,16900,3860,540.0,6900.0,,430,19/02/2025
2545,,16000.0,1150.0,3450,4300,1755,3110,3750,1040,9980,670,2195,8700,17,750.0,6395,7000,2500,4700,2165.0,700.0,590,5835,19800,890,,1000,15550,3960,640.0,7250.0,,420,19/03/2010
2245,,16200.0,1000.0,3500,"5197,5",2090,3250,3850,1155,10000,670,2315,8570,16,740.0,6450,7120,2395,4600,2075.0,720.0,780,5420,19405,875,,505,13255,4430,600.0,7000.0,,450,19/03/2025
1800,,15450.0,1050.0,2990,4995,1900,2590,3290,1120,9885,605,2195,8800,16,730.0,7300,7960,2245,4640,1900.0,780.0,750,5680,19850,850,,1001,13005,4620,520.0,7300.0,,390,19/04/2010
1880,,16500.0,1025.0,3525,5950,1940,2610,2780,1365,10100,605,2225,8880,16,605.0,9050,9350,2495,6080,2000.0,750.0,915,6100,21900,905,,550,13800,4925,720.0,8490.0,,400,19/05/2025
1800,,9800.0,995.0,4290,6100,2420,2675,4025,1385,11480,605,2590,9890,15,595.0,8890,10000,2800,6395,1950.0,740.0,1000,6550,21900,965,,550,16900,5400,710.0,10000.0,,400,19/06/2025
1800,,10575.0,1195.0,3700,6100,2660,2775,4250,1175,10650,610,2450,9895,16,775.0,8190,9900,2560,6000,2630.0,690.0,985,6275,22200,910,,470,16820,5500,655.0,9550.0,,405,19/07/2024
1880,,10950.0,1095.0,3550,6150,3000,2745,4100,960,10290,680,2500,11950,18,770.0,9900,11150,2585,7990,2290.0,850.0,980,6295,24500,1055,,645,10975,8450,530.0,17995.0,,590,19/08/2024
2400,,14220.0,1025.0,3200,3915,"1083,3333333333333","3243,75","2733,3333333333335",1010,10155,685,2045,6890,17,745.0,5990,7500,2995,5780,2320.0,965.0,490,5420,20305,865,,555,15500,3860,640.0,7000.0,,425,19/09/2024
2500,,16000.0,1140.0,3500,4250,1760,3120,3750,1015,9950,630,2195,8650,16,730.0,6385,7000,2500,4800,2000.0,790.0,610,5750,19800,890,,510,13500,3940,645.0,7250.0,,420,19/11/2024
2240,,16000.0,1050.0,3500,5150,2090,3250,3950,1145,10000,660,2330,8570,16,730.0,6930,7100,2400,4675,2090.0,700.0,775,5420,19505,890,,510,14400,4400,540.0,7000.0,,445,19/12/2024
1800,,15440.0,1025.0,3100,5000,1940,2600,3300,1115,9895,605,2180,8700,16,600.0,7200,7960,2300,4600,1760.0,720.0,780,5675,19995,850,,495,15500,4620,720.0,7230.0,,390,20/02/2025
1880,,16850.0,995.0,3445,5895,1945,2720,2805,1355,9960,605,2230,8880,16,595.0,9050,9350,2410,6075,2000.0,800.0,900,6090,21700,905,,475,,4925,715.0,8475.0,,395,20/03/2025
1790,,9700.0,1200.0,4250,6100,2320,2675,3950,1350,11390,605,2590,9900,16,780.0,8850,10000,2715,6395,2360.0,750.0,990,6550,21900,965,,1003,,5445,670.0,9600.0,,395,20/04/2010
1780,,10600.0,1095.0,3640,6095,2645,2790,4260,1180,10650,570,2425,9895,16,775.0,8195,9885,2500,6085,2630.0,740.0,975,6290,22110,910,,550,,5910,550.0,9500.0,,395,20/05/2025
1740,,10945.0,1025.0,3600,6120,2995,2695,4140,960,10325,660,2600,11890,18,740.0,10200,11150,2600,7885,2400.0,695.0,980,5955,24610,1015,,545,,8250,560.0,17800.0,,590,20/06/2025
2395,,12900.0,1140.0,"3207,5",3910,"1073,3333333333333","3231,25","2733,3333333333335",1020,10155,680,2075,6890,17,765.0,6000,7500,2995,5750,2320.0,965.0,520,5400,20305,875,,600,,3860,595.0,6790.0,,410,20/08/2024
2405,,14220.0,1115.0,3500,4200,1705,3120,3750,1020,9995,650,2195,8600,17,730.0,6165,7000,2500,4620,1950.0,830.0,630,5600,19725,860,,555,,3940,540.0,7250.0,,425,20/09/2024
2140,,15800.0,1110.0,3375,5535,2145,3015,3950,1070,10000,660,2330,8595,16,545.0,7400,7100,2350,4560,2000.0,685.0,785,5415,19500,885,,510,,4395,580.0,7000.0,,460,20/11/2024
1875,,16000.0,1065.0,2950,5000,2000,2800,3200,1145,9995,630,2190,8305,16,590.0,7600,7995,2340,4500,2105.0,720.0,840,5450,19300,900,,510,,4590,770.0,7350.0,,420,20/12/2024
1800,,17000.0,1140.0,3100,5000,1940,2600,3300,1150,9895,605,2180,8700,16,780.0,7200,7960,2300,4600,2000.0,800.0,780,5675,19995,850,,1000,,4620,690.0,7230.0,,390,21/01/2010
1880,,16750.0,1225.0,3455,5800,1930,2750,2885,1255,10000,620,2225,8885,16,770.0,8980,9390,2485,6075,2450.0,790.0,865,6020,22000,905,,500,,4925,715.0,8490.0,,385,21/02/2025
1795,,9800.0,1075.0,4250,6110,2375,2795,3995,1400,10750,600,2590,9900,16,775.0,8450,9990,2770,6340,2600.0,650.0,995,6545,21850,965,,510,,5495,545.0,9990.0,,405,21/03/2025
1580,,10000.0,1265.0,3500,5950,2800,2800,4200,1190,10185,680,2350,12605,17,765.0,8585,10400,2580,6945,2400.0,700.0,1000,6400,21850,980,,1004,,7005,405.0,16500.0,,475,21/04/2010
1650,,10600.0,1005.0,3595,6150,2900,2500,4100,960,10325,660,2595,11890,18,745.0,10200,11145,2650,7800,2315.0,965.0,985,6100,24605,1060,,465,,8195,410.0,18000.0,,600,21/04/2025
2275,,12500.0,1120.0,3200,3900,"1153,3333333333333","3287,5",2740,995,10120,680,1975,7130,17,540.0,6000,7780,2995,5895,1950.0,785.0,545,5400,20500,865,,520,,3875,595.0,6785.0,,410,21/05/2025
2430,,14005.0,1000.0,3445,"4167,5","1333,3333333333333","3268,75",3200,1025,9955,660,2070,7475,16,600.0,6400,7100,2780,5100,2150.0,685.0,530,5600,20000,900,,600,,3895,520.0,6900.0,,430,21/08/2024
2365,,15000.0,1000.0,3495,4195,1755,3105,3650,1000,9995,665,2195,8500,17,785.0,6200,7000,2495,4935,2100.0,655.0,670,5500,19650,805,,525,,3900,565.0,7250.0,,410,21/10/2024
1900,,16000.0,1065.0,2950,5080,2000,2745,3095,1145,9990,630,2100,8400,16,775.0,7455,7985,2290,4500,1885.0,700.0,840,5450,19800,900,,510,,4500,720.0,7350.0,,415,21/11/2024
1800,,17000.0,1145.0,3045,5000,1920,2600,3200,1110,9885,605,2180,8800,16,760.0,7195,7960,2295,4600,2035.0,860.0,775,5690,20000,860,,1001,,4615,700.0,7295.0,,400,22/01/2010
1845,,16700.0,1225.0,3185,4705,1760,2300,2800,1255,9780,580,2185,8600,15,750.0,7550,8100,2285,4665,1935.0,965.0,750,5600,20000,860,,1000,,4490,540.0,7485.0,,380,22/03/2010
1795,,10000.0,1355.0,4250,6110,2375,2795,3995,1295,10750,600,2590,9900,16,745.0,8450,9990,2770,6340,2450.0,785.0,995,6545,21850,965,,1010,,5495,435.0,9990.0,,405,22/04/2010
1580,,10600.0,1005.0,3545,5990,2900,2800,4200,1185,10185,655,2390,11800,18,730.0,8600,10500,2580,6900,2580.0,685.0,985,6400,21850,970,,495,,7250,440.0,17490.0,,510,22/04/2025
1720,,13425.0,1110.0,3580,6140,2815,2650,4100,985,10320,675,2550,11860,17,730.0,10400,11050,2600,8000,2000.0,800.0,975,6000,24650,1065,,510,,8250,595.0,17900.0,,590,22/05/2025
2450,,14225.0,1075.0,3400,4165,"1346,6666666666667","3246,875","3066,6666666666665",1020,10000,655,2070,7495,17,600.0,6495,7095,2700,5000,1950.0,660.0,525,6000,20295,905,,495,,3900,580.0,7000.0,,415,22/07/2024
2335,,15990.0,1000.0,3550,4195,1800,3140,3750,1060,9995,670,2195,8575,17,540.0,6300,7000,2490,4910,1945.0,695.0,690,5750,19700,850,,600,,3920,600.0,7245.0,,420,22/08/2024
1900,,16000.0,1110.0,2990,5000,2000,2745,3050,1140,9955,630,2150,8400,16,780.0,7500,7980,2300,4550,1950.0,680.0,840,5500,19800,905,,525,,4500,540.0,7300.0,,415,22/10/2024
1920,,15990.0,1060.0,3035,5000,1905,2595,3170,1110,9885,605,2195,8800,16,740.0,7150,7955,2295,4620,2450.0,860.0,770,5690,20005,850,,510,,4600,710.0,7300.0,,405,22/11/2024
1840,,15435.0,950.0,3025,4705,1750,2200,2750,1170,9795,580,2180,8400,16,780.0,7550,8260,2285,4500,2200.0,965.0,745,5800,20025,865,,981,,4490,670.0,7450.0,,380,23/02/2010
1880,,17000.0,1145.0,3450,5780,1930,2800,2945,1340,10000,625,2380,8880,16,745.0,8620,9400,2450,6100,2600.0,870.0,780,6010,22005,905,,1010,,4900,535.0,8500.0,,400,23/04/2010
1795,,10000.0,1455.0,4245,6110,2400,2795,3950,1270,10750,615,2600,9860,16,595.0,8400,9995,2770,6400,2150.0,785.0,1000,6580,21900,975,,505,,5500,440.0,9950.0,,410,23/04/2025
1800,,13425.0,1140.0,3600,6060,2650,2775,4200,1200,9855,600,2400,9900,16,540.0,8110,9800,2500,6250,1950.0,825.0,975,6395,22005,930,,520,,6045,595.0,9550.0,,395,23/05/2025
1600,,15990.0,1120.0,3600,5940,2895,2850,4090,990,10000,665,2220,11500,17,775.0,8550,10600,2555,6910,1935.0,790.0,980,6300,21900,975,,540,,7150,540.0,17495.0,,525,23/06/2025
2570,,15500.0,1050.0,3385,4100,1445,"3262,5","3126,6666666666665",1095,10000,680,2055,7495,17,785.0,6500,6990,2700,4980,2440.0,860.0,520,5985,20300,910,,490,,3900,770.0,6990.0,,425,23/07/2024
2150,,17000.0,995.0,3095,5820,2090,3100,3900,1100,9995,640,2350,8550,16,740.0,7900,7095,2395,4680,2500.0,,785,5405,19300,880,,640,,4385,710.0,7000.0,,455,23/08/2024
1900,,9790.0,1145.0,3150,5010,1995,2720,3250,1100,9955,650,2145,8595,16,780.0,7590,7995,2300,4640,2200.0,,830,5450,19600,900,,555,,4690,650.0,7485.0,,420,23/09/2024
1830,,10750.0,1090.0,3505,4715,1725,2195,2740,1325,9800,580,2180,8300,16,745.0,7585,8320,2285,4500,2600.0,,745,5700,20500,870,,525,,4490,535.0,9700.0,,390,23/10/2024
1800,,10800.0,1450.0,3600,6090,2660,2795,4150,1200,9800,600,2355,9890,15,595.0,8200,9995,2495,6200,2150.0,,955,6395,22100,950,,500,,5995,455.0,17495.0,,395,23/12/2024
1600,,13490.0,1140.0,3200,5940,2895,2850,4090,950,10000,665,2220,11500,17,555.0,8550,10600,2555,6910,2145.0,,980,6300,21900,975,,500,,7150,510.0,6780.0,,525,24/02/2025
2300,,16000.0,1200.0,3900,"3902,5","1236,6666666666667","3287,5",2930,990,10100,685,1920,7300,16,595.0,6000,7600,2800,5740,1810.0,,525,5395,20500,850,,981,,3850,560.0,7000.0,,405,24/03/2010
2600,,15400.0,1040.0,3390,4150,1535,3250,3135,1100,10000,685,2050,7495,16,780.0,6500,6950,2750,4800,2035.0,,525,5970,20325,910,,510,,3710,765.0,7000.0,,425,24/03/2025
2180,,17000.0,1020.0,3180,5800,2090,3115,3900,1100,10000,635,2375,8500,16,785.0,7750,7625,2395,4550,2365.0,,840,5445,19500,880,,505,,4450,685.0,7495.0,,450,24/04/2025
1990,,16700.0,1090.0,3175,5000,2000,2745,3445,1050,9990,635,2150,8595,16,780.0,7580,7995,2300,4695,1985.0,,830,5500,19900,900,,540,,4640,700.0,9695.0,,400,24/06/2025
1835,,9740.0,1200.0,3250,4600,1725,2150,2730,1380,9800,570,2180,8200,15,790.0,7590,8315,2285,4500,,,730,5900,20895,875,,495,,4490,650.0,17505.0,,395,24/07/2024
1750,,10100.0,1090.0,3620,6100,2500,2590,4150,1200,9500,600,2390,9800,16,740.0,7950,9990,2490,6300,,,960,6400,21900,930,,560,,5945,460.0,17950.0,,420,24/09/2024
1600,,10750.0,1355.0,3500,5950,2635,2600,3950,1185,10100,660,2300,11150,18,730.0,8650,10700,2585,6995,,,950,6350,22000,970,,530,,7200,580.0,6780.0,,515,24/10/2024
1720,,10945.0,1075.0,3200,6120,2990,2630,4140,955,10300,680,2550,11860,18,775.0,10210,11140,2600,8380,,,960,6000,24850,1065,,1000,,8100,765.0,7000.0,,595,25/01/2010
2295,,16000.0,1145.0,4000,4050,"1326,6666666666667","3284,375","3133,3333333333335",980,10095,680,1930,7420,16,790.0,5905,7750,2700,5700,,,545,5400,20400,850,,1000,,3885,650.0,7100.0,,410,25/02/2010
2795,,15990.0,1035.0,3700,4150,1650,3250,3370,1020,9990,685,2030,7500,17,,6495,7000,2745,4980,,,530,5970,20300,910,,500,,3900,,7000.0,,410,25/02/2025
2300,,9740.0,1060.0,3400,4450,1800,3285,3750,1100,9980,670,2195,8795,16,,6300,7000,2450,4810,,,690,5720,19400,850,,1000,,3935,,7500.0,,420,25/03/2010
2240,,10805.0,1090.0,3180,5695,2045,3200,3900,1100,10000,650,2545,8595,16,,7805,7885,2400,4695,,,880,5500,19800,880,,510,,4490,,9950.0,,450,25/03/2025
1795,,,1155.0,4245,4650,1710,2295,2725,1340,9800,570,2180,8600,15,,7590,8400,2285,4650,,,745,5800,20895,890,,505,,4490,,6780.0,,395,25/04/2025
2250,,,,3250,6110,2400,2795,3950,1025,10750,615,2600,9860,16,,8400,9995,2770,6400,,,1000,6580,21900,975,,535,,5500,,7000.0,,410,25/06/2025
2200,,,,3390,3950,1400,"3271,875","3233,3333333333335",1100,10000,680,1900,7415,17,,5995,8000,2700,5600,,,540,5400,20500,850,,500,,3995,,,,420,25/07/2024
